{
    "version": 0,
    "tle": [
        "AAUSAT4",
        "1 00003U 00001A   16116.99330001  .00000000  00000-0  00000-0 0  0018",
        "2 00003  98.2172 124.4782 0152400 241.4610 358.4169 15.02516156 00011"
    ],
    "radio_settings": {
        "bitrate": 2400,
        "power": 26,
        "training": 200,
        "frequency": 437425000,
        "modindex": 1,
        "syncword": "4f5a34"
    }
}
