{
    "version": 0,
    "tle": [
        "AAUSAT4 (2016-025D)",
        "1 41459U 16025D   16118.54881585  .00001966  00000-0  11643-3 0  9998",
        "2 41459  98.2201 126.1294 0176087 236.4262 122.0043 15.00747392   185"
    ],
    "radio_settings": {
        "bitrate": 9600,
        "power": 26,
        "training": 200,
        "frequency": 437425000,
        "modindex": 1,
        "syncword": "4f5a34"
    }
}
