{
    "version": 0,
    "tle": [
        "AAUSAT4 (2016-025F)",
        "1 41461U 16025F   16117.30667064 -.00000094  00000-0  00000+0 0  9991",
        "2 41461  98.2188 124.8169 0178647 240.9247 250.0360 15.00130631    46"
    ],
    "radio_settings": {
        "bitrate": 2400,
        "power": 26,
        "training": 200,
        "frequency": 437425000,
        "modindex": 1,
        "syncword": "4f5a34"
    }
}
